source_id,relationship,target_id
TA001,USES_MALWARE,MAL001
TA002,USES_MALWARE,MAL002
TA003,USES_MALWARE,MAL003
TA004,USES_MALWARE,MAL004
TA005,USES_MALWARE,MAL005
MAL001,EXPLOITS,CVE-2026-1001
MAL002,EXPLOITS,CVE-2026-1002
MAL003,EXPLOITS,CVE-2026-1003
MAL004,EXPLOITS,CVE-2026-1004
MAL005,EXPLOITS,CVE-2026-1005
TA001,ATTRIBUTED_TO_CAMPAIGN,CAM001
TA002,ATTRIBUTED_TO_CAMPAIGN,CAM002
TA003,ATTRIBUTED_TO_CAMPAIGN,CAM003
TA004,ATTRIBUTED_TO_CAMPAIGN,CAM004
CAM001,TARGETS,ORG001
CAM001,TARGETS,ORG005
CAM002,TARGETS,ORG002
CAM003,TARGETS,ORG003
CAM004,TARGETS,ORG004
MAL001,COMMUNICATES_WITH,DOM001
MAL002,COMMUNICATES_WITH,DOM002
MAL003,COMMUNICATES_WITH,DOM003
MAL004,COMMUNICATES_WITH,DOM004
MAL005,COMMUNICATES_WITH,DOM005
DOM001,RESOLVES_TO,IP001
DOM002,RESOLVES_TO,IP002
DOM003,RESOLVES_TO,IP003
DOM004,RESOLVES_TO,IP004
DOM005,RESOLVES_TO,IP005
